{"version":1,"league":"pl","active_strategy":"baseline","candidate_strategy":"v4","factors":{"form":0.09519048095190481,"strength":0.10808919108089192,"position":0.1070892910708929,"home_adv":0.0651934806519348,"streak":0.09739026097390262,"h2h":0.12538746125387462,"home_away_split":0.09949005099490052,"goals_trend":0.07019298070192981,"upset":0.09949005099490052,"clean_sheet":0.06319368063193681,"draw_tendency":0.06929307069293071},"calibration":{"goal_mult":1.0,"home_goal_bias":0.0,"away_goal_bias":0.0,"draw_bias":1.0,"zero_zero_penalty":0.62},"meta":{"trained_matches":0,"last_trained_at":"","last_batch_size":0},"promotion_history":[],"applied_ledger_version":1,"applied_match_keys":["pl:2025-26:271","pl:2025-26:272","pl:2025-26:273","pl:2025-26:274","pl:2025-26:275","pl:2025-26:276","pl:2025-26:277","pl:2025-26:278","pl:2025-26:279","pl:2025-26:280","pl:2025-26:281","pl:2025-26:282","pl:2025-26:283","pl:2025-26:284","pl:2025-26:285","pl:2025-26:286","pl:2025-26:287","pl:2025-26:288","pl:2025-26:289","pl:2025-26:290","pl:2025-26:291","pl:2025-26:292","pl:2025-26:293","pl:2025-26:294","pl:2025-26:295","pl:2025-26:296","pl:2025-26:297","pl:2025-26:298","pl:2025-26:299","pl:2025-26:300","pl:2025-26:301","pl:2025-26:302","pl:2025-26:303","pl:2025-26:304","pl:2025-26:305","pl:2025-26:306","pl:2025-26:308","pl:2025-26:309","pl:2025-26:311","pl:2025-26:312","pl:2025-26:313","pl:2025-26:314","pl:2025-26:315","pl:2025-26:316","pl:2025-26:317","pl:2025-26:318","pl:2025-26:319","pl:2025-26:320","pl:2025-26:321","pl:2025-26:322","pl:2025-26:323","pl:2025-26:324","pl:2025-26:325","pl:2025-26:326","pl:2025-26:327","pl:2025-26:328","pl:2025-26:329","pl:2025-26:330","pl:2025-26:331","pl:2025-26:332","pl:2025-26:333","pl:2025-26:334","pl:2025-26:335","pl:2025-26:336","pl:2025-26:337","pl:2025-26:338","pl:2025-26:339","pl:2025-26:340","pl:2025-26:341","pl:2025-26:342","pl:2025-26:343","pl:2025-26:344","pl:2025-26:345","pl:2025-26:346","pl:2025-26:347","pl:2025-26:348","pl:2025-26:349","pl:2025-26:350","pl:2025-26:351","pl:2025-26:352","pl:2025-26:353","pl:2025-26:354","pl:2025-26:355","pl:2025-26:356","pl:2025-26:357","pl:2025-26:358","pl:2025-26:359","pl:2025-26:360","pl:2025-26:361","pl:2025-26:362","pl:2025-26:363","pl:2025-26:364","pl:2025-26:365","pl:2025-26:366","pl:2025-26:367","pl:2025-26:368","pl:2025-26:369","pl:2025-26:370","pl:2025-26:371","pl:2025-26:372","pl:2025-26:373","pl:2025-26:374","pl:2025-26:375","pl:2025-26:376","pl:2025-26:377","pl:2025-26:378","pl:2025-26:379","pl:2025-26:380"],"generation_id":"0babc28a01a44dd68b5eb64c918f6637","comparison":{"total":0,"sample_size":0,"completeness_pct":0.0,"active_strategy":"baseline","candidate_strategy":"v4","models":{"baseline":{"winner_correct":0,"exact_correct":0,"points":0,"draw_picks":0,"winner_accuracy":0.0,"exact_accuracy":0.0,"goal_mae":0.0,"outcome_brier":null,"draw_pick_rate":0.0,"scoreline_concentration":0.0,"sample_size":0,"completeness_pct":0.0,"brier_sample_size":0,"brier_completeness_pct":0.0,"unique_scores":0,"top_scores":[]},"v4":{"winner_correct":0,"exact_correct":0,"points":0,"draw_picks":0,"winner_accuracy":0.0,"exact_accuracy":0.0,"goal_mae":0.0,"outcome_brier":null,"draw_pick_rate":0.0,"scoreline_concentration":0.0,"sample_size":0,"completeness_pct":0.0,"brier_sample_size":0,"brier_completeness_pct":0.0,"unique_scores":0,"top_scores":[]}}},"status":{"promote":false,"status":"collecting","next_active_strategy":"baseline"}}